<?xml version="1.0" encoding="UTF-8"?>
<project-private xmlns="http://www.netbeans.org/ns/project-private/1">
    <editor-bookmarks xmlns="http://www.netbeans.org/ns/editor-bookmarks/2" lastBookmarkId="0"/>
    <open-files xmlns="http://www.netbeans.org/ns/projectui-open-files/2">
        <group>
            <file>file:/Z:/Nueva%20carpeta%20(2)/JavaApplication4/src/javaapplication4/Cuadrado.java</file>
            <file>file:/Z:/Nueva%20carpeta%20(2)/JavaApplication4/src/javaapplication4/Principal.java</file>
            <file>file:/Z:/Nueva%20carpeta%20(2)/JavaApplication4/src/javaapplication4/Principal_Cuadrado.java</file>
            <file>file:/Z:/Nueva%20carpeta%20(2)/JavaApplication4/src/javaapplication4/Estudiantes.java</file>
        </group>
    </open-files>
</project-private>
