<?xml version="1.0" encoding="UTF-8"?>
<project-private xmlns="http://www.netbeans.org/ns/project-private/1">
    <editor-bookmarks xmlns="http://www.netbeans.org/ns/editor-bookmarks/2" lastBookmarkId="0"/>
    <open-files xmlns="http://www.netbeans.org/ns/projectui-open-files/2">
        <group>
            <file>file:/C:/Users/Administrador/Desktop/JavaApplication2/src/javaapplication2/Presenta.java</file>
            <file>file:/C:/Users/Administrador/Desktop/JavaApplication2/src/javaapplication2/Principal.java</file>
            <file>file:/C:/Users/Administrador/Desktop/JavaApplication2/src/javaapplication2/Operacion.java</file>
            <file>file:/C:/Users/Administrador/Desktop/JavaApplication2/src/javaapplication2/Numeros2.java</file>
            <file>file:/C:/Users/Administrador/Desktop/JavaApplication2/src/javaapplication2/Numeros.java</file>
            <file>file:/C:/Users/Administrador/Desktop/JavaApplication2/src/javaapplication2/Ejemplos.java</file>
        </group>
    </open-files>
</project-private>
